ёбтм	ёб твою мать
эч	это что
эт	это
эт	этих
эргонмч	эргономичные
энци	re:энциклопед...?.?
чэз	что это значит
чч	чуть-чуть
чтото	что-то
чгто	чего-то
бш	больше
мш	меньше
мш\1	re:меньш(...?)
бш\1	re:больш(...?)
ктото	кто-то
кгто	кого-то
т.о	таким образом
ккм обрм	каким образом
поэ	поэтому
ндв	недавно
двн	давно
кмто	кем-то
кмуто	кому-то
зчмто	зачем-то
мнг	много
мло	мало
1\1 итж	re:одн(.) и т..? же
1\1 и тмж	re:одни(..?) и те..? же
чт	что такое
ч	что
чсть	часть
чстчно	частично
чстй	частей
чсти	части
чрта	черта
чл	что ли
чк\1	re:человек(.?.?.?)
числ-ые	числительные
чзх	что за хуйня
чз	что за 
чг	честно говоря
чбэнз	что бы это ни значило
чб	чтобы
чб	re:чёрно-бел...?.?
цфры	цифры
цфр	цифровыми
цлкм	целиком
цл	целый
цитт	цитат
хч	хочу
хт	хотя
хп	хуй поймёшь
хп	хуй пойму
хня	хуйня
хню	хуйню
хнй	хуйнёй
хне	хуйне
хз	хуй знает
хб	хотя бы
харщий	характеризующий
фрнов	фараонов
фрмн\1	re:формальн(..?.?)
учт	учётом
учт	учетом
усчи\1	re:усечени(..?.?)
усч	усеченные
успх\1	re:успех(..?.?)
услн\1	re:условн(..?.?)
усктся	re:усека.тся
уптр\1	re:употребля.т(.?.?.?)
упрщн\1	re:упрощенн(..?.?)
употрби\1	re:употреблени(..?.?)
улчш	улучшить
удб	удобном
тя	тебя
тчн	точно
тчн	точнее
тч	так что
тхт\1	re:текст(.?.?.?)
тсч	тысяча
тсч	тысяч
тснее	теснее
трбют	требуют
тп	типа
то.е	то есть
то	-то
тнм	тем не менее
тн	re:так называем...?.?
тмвр	тем временем
тлк	только
тк	так как
тж	то же
ткж	также
ткж	так же
тех	техническ...?
те	тебе
тбй	тобой
т.в	так вот
т	ты
прстрв\1	re:пространств(..?)
сюзе	союзе
сщные	существительные
сущло	существовало
сущ\1	re:существова(..?)
сть	сказать
стции	ситуации
стндрзна	стандартизирована
стнгрфи\1	re:стенографи(..?.?)
стме	системе
стма	система
стм\1	re:систем(..?.?)
стк\1	re:стольк(.)
стгрфия	стенография
ствтся	ставится
ствлия	составления
ст-н\1	re:сторон(.?.?.?)
сркл	средний класс
срдво	средство
срд	re:средн...?.?
спржий	спряжений
спбт\1	re:способност(..?.?)
спбн\1	re:способн(..?.?)
соц-н\1	\1 re:социализированн(..?.?)
соедния	соединения
сов	советском
смцель	самоцель
смслвми	самословами
смих	самих
сми	сами
см	сам
слче	случае
слтно	слитно
слжн	сложные
слвусчи\1	re:словоусечени(..?.?)
слвскрщие	словосокращение
слвнчртие	словоначертание
слвм	словом
слва	слова
слв	слов
скрщно	сокращённо
скрщн	сокращённом
скрпс\1	re:скоропис(..?.?)
склний	склонений
склв	соколовым
скк\1	re:скольк(.)
скв	скорее всего
ск	скорее
сзло	сказало
сзли	сказали
сзла	сказала
сзл	сказал
сжшь	скажешь
сжут	скажут
сжу	скажу
сжте	скажете
сжм	скажем
сжет	скажет
сдняясь	соединяясь
сдлют\1	re:сделают(.?.?)
сдлю\1	re:сделаю(.?.?)
сдлшь\1	re:сделаешь(.?.?)
сдлть\1	re:сделать(.?.?)
сдлте\1	re:сделаете(.?.?)
сдло\1	re:сделало(.?.?)
сдлл\1	re:сделал(.?.?)
сдли\1	re:сделали(.?.?)
сдлет\1	re:сделает(.?.?)
сдлем\1	re:сделаем(.?.?)
сдла\1	re:сделала(.?.?)
свзтся	связываются
сбтв	re:собственн...?
сбо	спасибо
сбй	собой
сб	себе
рсии	россии
рлн	re:реальн(..?.?)
римлнам	римлянам
рзрбая	разработанная
рздлтся	разделяется
рз	раз
рда	рода
пштся	пишутся
пштся	пишется
пчт	почти
пч	потому что
птм	потом
птв	потвоему
пстно	постоянно
пствлием	постановлением
пслдм	последним
пслго	последнего
пршло	перешло
прпска	пропуска
простш	простейших
приствки	приставки
приствк	приставок
примтся	применяются
прилные	прилагательные
прибвл	прибавлением
прзвдно	произведено
прзвд	производные
прдст	представляют
првла	правила
прв	привет
пптки	попытки
поч	почему
пох	похуй
поф	пофиг
послвц	пословиц
подчркием	подчеркиванием
пнцая	панацея
пму	потому
пжта	пожалуйста
пжй	пожалуй
первм	первым
пду	пизду
пдй	пиздой
пде	пизде
пда	пизда
пвтрие	повторение
п.м	по-моему
оч	очень
оцк	оценки
отнд	отнюдь
отклч\2	re:отключ(а|и)(..?.?)
отдла	отдела
оснву	основу
осн	основном
осбн	особенными
осбг	особенного
оргц\1	re:организаци(..?.?)
ольх	ольхина
окчия	окончания
окнчях	окончаниях
окнчие	окончание
озчтся	означаются
озч	означают
ознчтся	означается
ознчие	означение
обртке	обработке
обзч\1	re:обозначен(..?.?)
нчто	ничто
нчртия	начертания
нчму	ничему
нчм	ничем
нч\1	re:ниче(..?)
нч	ничего
нх	нахуй
нсм	несмотря
нрв	re:нрав.тся
нп	например
нмн	наименее
нлз	нельзя
нкц	наконец
нкто	никто
нкму	никому
нкк	никак
нкем	никем
нкда	никогда
нзш	re:низш...?.?
нз	не знаю
нжт	неужто
нжл	неужели
нж\1	re:нуж(...?.?)
нж	нужных
нж	нужно
нж	нужна
нд	надо
нвл	навряд ли
нв	наверно
нбт	наоборот
нбл	наиболее
назтся	называются
н	-нибудь
мя	меня
мхмн\1	re:максимальн(..?.?)
мх\1	re:максиму(..?.?)
мтрлн	материальной
мтрла	материала
мс	можно сказать
млствый	милостивый
млстве	милостивые
мк	мне кажется
мин\1	re:миниму(..?.?)
мжт	может
мжд	между
мж	можно
мг	могу
мб	может быть
м\1	re:мужчин(а|у|е|ой|е)?
м	мне
лш	лишь
лчтк	или что-то такое
лчт	или что-то
лтт	или типа того
лтп	или типа
лдн	ладно
лб	лишь бы
лб	либо
л	или
кчвн\1	re:качественн.(.?.?)
кц	конца
кхт\1	re:контекст(.?.?.?)
кттк	как-то так
ксч	к счастью
кст	кстати
ксж	к сожалению
крч	короче
крнями	корнями
крне	корне
крм	кроме
колв\1	re:количеств(..?.?)
кнч	конечно
ключ	ключевой
ккр	как раз
кк	как
кжд	каждый
кж	кажется
кдр	каждый раз
кд	когда
кбт	как будто
кб	как бы
качв\1	re:качеств(..?.?)
к\1	re:как(...?)
итп	и тому подобное
итп	и т.п.
итд	и так далее
итд	и т.д.
испть	использовать
испли	использовали
искн\1	re:искусственн(..?.?)
исклтся	исключается
искво	искусство
искв\1	re:искусств(..?.?)
ипр	и пр.
ипр	и re:проч...?
инфции	информации
инфрцию	информацию
интц\1	re:институциональн.(..?)
инстрт	инструмент
инда	иногда
инг	иного
имн	именно
имлись	имелись
имли	имели
извс	известных
идр	и др.
идр	re:и друг...?
зчт	re:знач.т
зчками	значками
зч	зачем
зтм	затем
зт	зато
зпс\1	re:запис(..?.?)
знк\1	re:знак(.?.?.?)
змнть	заменить
зклчи\1	re:заключени(..?.?)
зклчат	заключат
зклчает	заключает
зклч\2	re:заключ(а|и)(..?.?)
здр\1	re:здравствуй(те)?
звст	зависит
запсли	записали
запси	записи
запислсь	записывались
заклчать	заключать
живёт	живет
ж\1	re:женщин(а|у|е|ой|е)?
ещр	ещё раз
ес	если
ео	re:ещё од..
ед	единая
дщее	дающее
дт\1	re:деятельност(..?.?)
дстно	достаточно
дствн\1	re:действительн(..?.?)
дсп	до сих пор
дрм	доктором
дргое	другое
дргие	другие
дрвн	древних
дост\1	re:достаточн(..?.?)
досв.	до свидания
допм	допустим
днм	данным
длют\1	re:делают(.?.?)
длю\1	re:делаю(.?.?)
длшь\1	re:делаешь(.?.?)
длть\1	re:делать(.?.?)
длте\1	re:делаете(.?.?)
длло\1	re:делало(.?.?)
длли\1	re:делали(.?.?)
длла\1	re:делала(.?.?)
длл\1	re:делал(.?.?)
длись	делались
длет\1	re:делает(.?.?)
длем\1	re:делаем(.?.?)
дл	для
джно	должно
джна	должна
джн	должен
дж	даже
дгу	другу
дгом	другом
дго	другого
дгму	другому
дгми	другими
дгй	другой
дге	друге
дга	друга
дг\1	re:друг(им|ая|ую|ие|их|им)?
дг	друг
двжды	дважды
гспд	господи
гсдрь	государь
гсдри	государи
грят	говорят
грю	говорю
грщее	говорящее
грте	говорите
грли	говорили
грла	говорила
гркам	грекам
гришь	говоришь
грить	говорить
грит	говорит
грим	говорим
грило	говорило
грил	говорил
госн\1	re:государственн(..?.?)
гос	государственная
гд	где
гбргра	габельсбергера
гбк	гибкий
вшла	вошла
вш	вашей
вцлм	в целом
втч	в том числе
втрчно	вторично
втк	вот так
всщ	всё ещё
всш	re:высш...?.?
вствлые	вставленные
вст	всё-таки
вср	всё равно
всм	в смысле
всда	всегда
вс	vs
врт\1	re:вариант(...?.?)
врт	вероятно
врн	вернее
вржтся	выражаются
вржтся	выражается
врд	вроде
впрц	в принципе
впд	в пизду
воспрзли	воспроизвели
вл	вряд ли
вкк	в конце концов
вив	вот и всё
првн\1	re:правильн(..?.?.?)
взмти	возможности
вдн	видно
вдм	видимо
вд	виде
имл ввд	re:имел. в виду
вбщм	в общем
вбще	вообще
в л.сл	в любом случае
в д.сл	в данном случае
в.	век.?.?.?
бто	будто
бт	блять
бсды	беседы
блм	более или менее
блгзвч	благозвучия
бл	был
бквы	буквы
бквсочтие	буквосочетание
биомехк	биомеханики
бд	блядь
б	быть
cur-al	cure-all
\1ов	re:(С|с)оветск(..?.?)
\1кр\2	re:(н)?е?котор(..?.?)
\1клч\3	re:(вы?)ключ(а|и)(..?.?)
\1извн\2	re:(общ|н)?е?известн(..?.?)
\1вжн\2	re:(..)?важн(..?.?)
\1	re:(м|тв)о(й|его|ему|им|ём|ем|и|ими|их|я|ей)